{
  "metrics": {
    "embeddings": 100,
    "mean_dist": 0.8416516780853271,
    "mean_intra": 0.6352473497390747,
    "mean_inter": 0.8711516857147217,
    "max_dist": 1.1862103939056396,
    "num_clusters": 15,
    "single_element_clusters": 3,
    "largest_cluster_size": 23,
    "smallest_cluster_size": 1,
    "cluster_sizes": {
      "13": 20,
      "1": 3,
      "0": 10,
      "11": 5,
      "6": 23,
      "3": 12,
      "5": 2,
      "2": 9,
      "10": 1,
      "7": 1,
      "14": 4,
      "4": 3,
      "8": 3,
      "9": 3,
      "12": 1
    }
  },
  "labels": [
    13,
    13,
    1,
    0,
    11,
    11,
    6,
    3,
    11,
    11,
    5,
    13,
    3,
    0,
    13,
    2,
    13,
    6,
    6,
    6,
    6,
    1,
    10,
    3,
    6,
    6,
    3,
    3,
    3,
    6,
    1,
    7,
    3,
    13,
    13,
    13,
    0,
    14,
    14,
    13,
    6,
    13,
    13,
    13,
    6,
    6,
    13,
    2,
    2,
    4,
    13,
    6,
    8,
    8,
    8,
    9,
    9,
    6,
    6,
    6,
    2,
    2,
    14,
    6,
    0,
    6,
    0,
    13,
    0,
    0,
    0,
    6,
    0,
    2,
    9,
    5,
    14,
    13,
    13,
    4,
    12,
    13,
    2,
    13,
    6,
    6,
    13,
    2,
    4,
    6,
    11,
    3,
    6,
    3,
    2,
    3,
    0,
    3,
    3,
    6
  ],
  "text_examples": [
    " effect of the times in which he lived on himself",
    " influence was helped by his ability to reconcile apparent opp",
    " Court and Ashikaga Shogunate and",
    " contend with bringing out the formal constraints of the original",
    " electronic effects ; the lyrics detail a protagonist 's",
    " electronic infectious ditty , \" while Chris Youn",
    "yte away from the landing beaches . Afterwards both",
    " 1946 to 1948 . He was a consensus selection at",
    " metal and punk fans . \" Due to the label",
    " metal bands such as Slayer , and New World",
    "ral Henri @-@ Joseph Paixhans",
    " influence on the development of ironclad design .",
    " 1901 almost all new battleships used Krupp",
    "union . \n",
    " work in language with working on the soul or working",
    "ishment ... that you can use human speech both to",
    " vigorous attempts to portray the presence and meaning of Hitler",
    "pospondyls , or even as descendants",
    "pospondyls and stereospondyl",
    "pospondyls and place temnosp",
    "pospondyls , most likely the lys",
    " clerical status and became a layman before 115",
    "reford , wrote to the pope to remind him",
    " 1980s , measurement of cloud features became dominant in",
    "acock Foundation in Los Angeles , Mercy Street",
    "acock Foundation , which provides animal @-@",
    " 2008 , Josie Petrick 's husband had",
    " 1980s and ' 90s , such work was",
    " 1998 her work was being collected by both private and",
    "aculately applied dotting \" . Her style",
    " cord was to become a signature for the artist .",
    "oths of late 1930s broadcasters who warned against",
    " 1950 . A similar two dimensional construct is found in",
    " imagination . Yet his fascination was all @-@",
    " structure and order as , according to art historian W",
    " Classical values , such as directness of presentation and",
    "oting much of his energy to the Abbey Theatre and",
    "rence Binyon , Pound had already developed",
    "ymers ' Club generation of British poets to Mallarm",
    " models , especially Sappho , an interest that",
    "att The Imagist Poem Modern Poetry in",
    " influence on Pound , as the younger poet made",
    " money to publish the group . Lowell was determined",
    " influence on the Language poets , who carried the Im",
    "ghoy Road . Only one incident seemed to directly",
    "okes \" the image of some friends \" Arj",
    " elaborating that they met each other \" some time",
    "oles , hideouts and concerns , as well as",
    "sen as the storm moved further north , and as",
    " Roman Empire . \n",
    " design several of Charles ' more important victories at Emm",
    "upol . \n",
    " wrestled since . In the climax of the match",
    " wrestler who disapproved of that notion to challenge",
    " wrestled his entire professional career in the WWE and",
    " BBC series Sherlock , for which Smith auditioned",
    " BBC via Twitter , announcing his appearance at midnight 5",
    "yte Gulf in the Philippines . One of No",
    "uzia , ruler of the Great Duck Kingdom in",
    "ocative stone face masks present both similarities and differences",
    " surviving antecedents , with a tendency towards more",
    " case . Abrasives were found in association with",
    "ological Museum of Xalapa \" ) . \n",
    "ops or framed discs . The left and right or",
    " argues that the problem of interpreting the film is tied",
    "awakening through meeting Angela is the first of",
    " show Lester at the conclusion of a \" myth",
    " materialists philosophically , and devout consumers eth",
    " argues that Ricky , in looking past the \" cultural",
    " argues that Col. Fitts ' reaction is",
    "wrote Col. Fitts to delay revealing him",
    "ens to \" vertical time \" , described by the",
    " argues that although some may be over familiar , there",
    "ent Agency , where his representative , Andrew Cannava",
    "PD Blue \" . Instead , he wanted the ending",
    "ary Freudianism \" . Jackson said the film",
    "leyrand when he visited the U.S.",
    " wealthy aunt , Domitia Lepida ,",
    " state that these projects and others exacerbated the drain on",
    " Roman fire of 64 , but they are consistent in",
    " way incurred their hatred , since those writers lived a",
    "idue tumultuantis Roma expulit",
    " surviving his two years in Rome and travelling to His",
    " modern cities in Asia . Before the Spanish \u2013 American",
    "ccariophoenix , Butia , Coc",
    "anal . \n",
    " money exhausted he seeks employment and finds it as the",
    " case for his own daughter , Ezra convinces",
    " Democratic and Labour Party ( SDLP ) , the",
    "attie the previous year , Bloody Sunday had",
    " metal songs while simultaneously not boring the people who have",
    " 1980 Summer Olympics in Moscow , USSR , although deleg",
    "ccari , an Italian botanist , visited B",
    " 1994 to July 1999 when it was moved to K",
    "ED @-@ compliant facilities in 2008 . \n",
    " 1977 to 1994 , and Kinberg in turn was",
    "verts to a two @-@ lane road and",
    " 1980 ) . The organization flew \" the first international",
    " 1918 , some 587 @,@ 000 graves had",
    "es , Gordon H. Holt , and Henry Philip"
  ]
}